[
  {
    "id": "717b4810-d388-4237-af0b-6cc78da1aa1f",
    "data": [
      {
        "text": "how much is it?",
        "userDefined": false
      }
    ],
    "isTemplate": false,
    "count": 0,
    "updated": 0
  },
  {
    "id": "e371163c-27d5-4070-ae8e-233c464bc9e0",
    "data": [
      {
        "text": "how much?",
        "userDefined": false
      }
    ],
    "isTemplate": false,
    "count": 0,
    "updated": 0
  },
  {
    "id": "07f805f5-f547-4560-867f-805074c82743",
    "data": [
      {
        "text": "what does the ",
        "userDefined": false
      },
      {
        "text": "plaid shirt",
        "alias": "product",
        "meta": "@product",
        "userDefined": false
      },
      {
        "text": " cost?",
        "userDefined": false
      }
    ],
    "isTemplate": false,
    "count": 0,
    "updated": 0
  },
  {
    "id": "1acd60f8-7975-4754-af14-7257ba8ddf2c",
    "data": [
      {
        "text": "what is the price of ",
        "userDefined": false
      },
      {
        "text": "sports shoes",
        "alias": "product",
        "meta": "@product",
        "userDefined": true
      },
      {
        "text": "?",
        "userDefined": false
      }
    ],
    "isTemplate": false,
    "count": 0,
    "updated": 0
  },
  {
    "id": "6cc0b514-3855-4895-b50e-8b7643618587",
    "data": [
      {
        "text": "how much is the ",
        "userDefined": false
      },
      {
        "text": "cowboy hat",
        "alias": "product",
        "meta": "@product",
        "userDefined": true
      },
      {
        "text": "?",
        "userDefined": false
      }
    ],
    "isTemplate": false,
    "count": 0,
    "updated": 0
  }
]