[
  {
    "id": "e88a4627-ea81-4f55-b96c-b4a8c98b455b",
    "data": [
      {
        "text": "medium",
        "alias": "size",
        "meta": "@product_size",
        "userDefined": true
      },
      {
        "text": " ",
        "userDefined": false
      },
      {
        "text": "blue",
        "alias": "color",
        "meta": "@sys.color",
        "userDefined": true
      },
      {
        "text": " ",
        "userDefined": false
      },
      {
        "text": "cowboy hat",
        "alias": "product",
        "meta": "@product",
        "userDefined": false
      }
    ],
    "isTemplate": false,
    "count": 0,
    "updated": 0
  },
  {
    "id": "d93ee239-9f33-48b7-bf20-cdb2fc0fe658",
    "data": [
      {
        "text": "i\u0027d like a ",
        "userDefined": false
      },
      {
        "text": "large",
        "alias": "size",
        "meta": "@product_size",
        "userDefined": true
      },
      {
        "text": " ",
        "userDefined": false
      },
      {
        "text": "black",
        "alias": "color",
        "meta": "@sys.color",
        "userDefined": false
      },
      {
        "text": " ",
        "userDefined": false
      },
      {
        "text": "sports shoe",
        "alias": "product",
        "meta": "@product",
        "userDefined": false
      }
    ],
    "isTemplate": false,
    "count": 0,
    "updated": 0
  },
  {
    "id": "7acc80ad-a13b-45c6-b744-c938f44bc8ae",
    "data": [
      {
        "text": "is the ",
        "userDefined": false
      },
      {
        "text": "straw hat",
        "alias": "product",
        "meta": "@product",
        "userDefined": false
      },
      {
        "text": " available in ",
        "userDefined": false
      },
      {
        "text": "blue",
        "alias": "color",
        "meta": "@sys.color",
        "userDefined": false
      },
      {
        "text": "?",
        "userDefined": false
      }
    ],
    "isTemplate": false,
    "count": 0,
    "updated": 0
  },
  {
    "id": "9a266662-69fe-48c8-95d0-def14ed0883f",
    "data": [
      {
        "text": "do you have ",
        "userDefined": false
      },
      {
        "text": "red",
        "alias": "color",
        "meta": "@sys.color",
        "userDefined": false
      },
      {
        "text": " ",
        "userDefined": false
      },
      {
        "text": "shirt",
        "alias": "product",
        "meta": "@product",
        "userDefined": false
      },
      {
        "text": "?",
        "userDefined": false
      }
    ],
    "isTemplate": false,
    "count": 0,
    "updated": 0
  },
  {
    "id": "54133827-7ae4-43b7-ad35-4f323deae3c1",
    "data": [
      {
        "text": "do you have ",
        "userDefined": false
      },
      {
        "text": "product",
        "alias": "product",
        "meta": "@product",
        "userDefined": true
      },
      {
        "text": "?",
        "userDefined": false
      }
    ],
    "isTemplate": false,
    "count": 0,
    "updated": 0
  }
]