{"name":"d5a41d59-64a3-4d3a-bf53-6b9b23bd54f4","id":"/providers/Microsoft.Flow/flows/d5a41d59-64a3-4d3a-bf53-6b9b23bd54f4","type":"Microsoft.Flow/flows","properties":{"apiId":"/providers/Microsoft.PowerApps/apis/shared_logicflows","displayName":"Automatic replies with business hours","definition":{"metadata":{"workflowEntityId":null,"processAdvisorMetadata":null,"flowclientsuspensionreason":"None","flowclientsuspensiontime":null,"creator":{"id":"b920bd2c-88e2-4602-bf20-dded3c0b7239","type":"User","tenantId":"8389fdd5-f9f7-470b-90cb-6e86cc3b9c83"},"provisioningMethod":"FromDefinition","failureAlertSubscription":true,"clientLastModifiedTime":"2021-06-14T09:11:38.3309397Z"},"$schema":"https://schema.management.azure.com/providers/Microsoft.Logic/schemas/2016-06-01/workflowdefinition.json#","contentVersion":"1.0.0.0","parameters":{"$connections":{"defaultValue":{},"type":"Object"},"$authentication":{"defaultValue":{},"type":"SecureObject"}},"triggers":{"Incoming_message":{"type":"OpenApiConnectionWebhook","inputs":{"host":{"apiId":"/providers/Microsoft.PowerApps/apis/shared_tyntecwa","connectionName":"shared_tyntecwa","operationId":"incoming"},"parameters":{},"authentication":"@parameters('$authentication')"}}},"actions":{"Condition":{"actions":{"WhatsApp_Free-Form_Message":{"runAfter":{},"type":"OpenApiConnection","inputs":{"host":{"apiId":"/providers/Microsoft.PowerApps/apis/shared_tyntecwa","connectionName":"shared_tyntecwa","operationId":"SendFreeformMessage"},"parameters":{"body/to":"@triggerOutputs()?['body/from']","body/channels":["whatsapp"],"body/whatsapp/from":"@triggerOutputs()?['body/to']","body/whatsapp/contentType":"text","body/whatsapp/text":"Hello, thank you for reaching us. Our agents are currently unavailable to answer your message. We will contact you during our business hours: Monday through Friday between 9 am and 5 pm Central European Time."},"authentication":"@parameters('$authentication')"}}},"runAfter":{"Initialize_variable":["Succeeded"]},"else":{"actions":{"WhatsApp_Free-Form_Message_2":{"runAfter":{},"type":"OpenApiConnection","inputs":{"host":{"apiId":"/providers/Microsoft.PowerApps/apis/shared_tyntecwa","connectionName":"shared_tyntecwa","operationId":"SendFreeformMessage"},"parameters":{"body/to":"@triggerOutputs()?['body/from']","body/channels":["whatsapp"],"body/whatsapp/from":"@triggerOutputs()?['body/to']","body/whatsapp/contentType":"text","body/whatsapp/text":"Hello, thank you for your message. You will be shortly connected with our agent. "},"authentication":"@parameters('$authentication')"}}}},"expression":{"or":[{"lessOrEquals":["@variables('Runtime')",800]},{"greaterOrEquals":["@variables('Runtime')",1800]}]},"type":"If"},"Initialize_variable":{"runAfter":{},"type":"InitializeVariable","inputs":{"variables":[{"name":"Runtime","type":"integer","value":"@int(replace(formatDateTime(utcNow(),'H:m'),':',''))"}]}}}},"connectionReferences":{"shared_tyntecwa":{"connectionName":"shared-tyntecwa-cf818fcd-c6ae-4592-9432-5055-05f0fcc4","source":"Embedded","id":"/providers/Microsoft.PowerApps/apis/shared_tyntecwa","tier":"NotSpecified"}},"flowFailureAlertSubscribed":false}}